ID_Centro,Localizacao_Latitude,Localizacao_Longitude,Capacidade_Estoque_kg
C1,-23.377609,-46.603216,30966
C2,-23.492223,-46.949231,72921
C3,-22.558158,-46.113383,69726
C4,-23.208589,-46.972383,70300
C5,-23.393589,-46.421135,42677
